,Title,Tag
0,(Interim) Head of Marketing,Marketing
1,"1-on-1 LinkedIn Coaching | LinkedIn Profit Course | Helping Coaches, Consultants & Business Owners",Administrative
2,3 Star Golden Circle Crystal Executive Health & Wellness Coach Isagenix,Health
3,3D Printing,unknown
4,â˜ï¸ Business Development Representative at Oracle + NetSuite â˜ï¸,Sales
5,Account Director,Sales
6,"Account Director, Integrated Marketing - Beauty, Wellness, Luxury",Marketing
7,Account Executive,Sales
8,"Account Executive, Mid-Market",Sales
9,"Account Executive, Premium Development",Sales
10,Account Manager,Sales
11,Accounting and Finance Recruiter,Recruiting
12,Accounting Consultant  / Founder,Executive
13,Activist Investing LLC,unknown
14,Ad Operations Coordinator,Operations
15,Adjunct Professor,Education
16,Administrative Specialist,Administrative
17,Adult and Pediatric Spine Surgeon,unknown
18,Advanced LinkedIn Strategies Coach,unknown
19,"Advertising, Marketing and Commerce - Senior Manager",Marketing
20,"Adviser, IT Risk & Policy",Compliance
21,Advisor,Consulting
22,Advisor & Consultant,Consulting
23,AI Managing Director,unknown
24,Air Quality Lead,unknown
25,Alumni Executive Coach,Administrative
26,Always an Open Networker and enjoying life being retired.  Connect with my 20K+ network.,unknown
27,Analyst,Administrative
28,Angel Investor,unknown
29,Angel Investor and Startup Advisor,Consulting
30,Application Engineer,Information Technology
31,Application Security Advocate,Administrative
32,Applied Machine Learning Scientist,Information Technology
33,Architect of Executive Social Media Strategy,Communications
34,"Area Bank Relationship Manager, East Coast",Administrative
35,Artificial Intelligence & Machine Learning,unknown
36,Assistant Dean for Student Development-The Jonsson School of Engineering and Computer Science,Science
37,Assistant Dean of Admissions,Administrative
38,Assistant General Manager,Administrative
39,"Assistant Vice President, Integration",Administrative
40,Associate Cloud Engineer (Linux | Python),Information Technology
41,Associate Director,Administrative
42,Associate Director and Head of Lysis recruit,Communications
43,Associate Director of Nonclinical Drug Development,Administrative
44,"Associate Director, Talent Acquisition- Business Consulting, Technology & Digital Operations (NA)",Consulting
45,"Associate Manager, Internship Programs",Administrative
46,"Associate Partner, Financial Services Sector CoC & Digital Banking, Banking & Financial Markets, GBS",Communications
47,Associate Product Manager,Product
48,Associate Product Marketing Manager,Product
49,"Associate Project Manager - Oil, Gas, & Chemical",Project Management
50,"Associate, Client Service Team",unknown
51,Attorney,unknown
52,Attorney & HR Consultant,Consulting
53,Author,unknown
54,Author | Salesforce MVP | Architect | Coach,Administrative
55,"Author, Blogger, Speaker, Developer Advocate, Principal DataFlow Field Engineer - Data In Motion",Information Technology
56,"Author, CEO & Founder",Executive
57,"Author, Pick A Fight: How Great Teams Find A Purpose Worth Rallying Around",unknown
58,Benefits Advisor,Consulting
59,Board Director,unknown
60,Board Member,unknown
61,Board Member - Fiesta Restaurant Group Inc,unknown
62,"Board Member, Small Cell Forum",unknown
63,Board Of Directors,unknown
64,Board of Governors,unknown
65,Board Trustee,unknown
66,Branch Director,Administrative
67,Brand Ambassador- Senior Roofing Contractor Training Specialist (East Coast Territory Manager),Marketing
68,Brewery/Distillery/Winery Equipment Manager,Administrative
69,Broker,Real Estate
70,Building Bay Area startups,unknown
71,Business & Executive Coach,Administrative
72,Business & Life Coach,Administrative
73,Business Coach,Administrative
74,Business Development,Sales
75,Business Development - PBF,Sales
76,Business Development and Growth,Sales
77,Business Development Manager,Sales
78,Business Development Manager - Strategic Accounts,Sales
79,Business Development Manager: Independent | Community | Specialty Pharmacy,Sales
80,Business Development Officer,Sales
81,Business Development Representative,Sales
82,Business Development Representative - Public Sector,Sales
83,Business Editor and Podcast Host,Communications
84,Business Initiatives Consultant 2,Consulting
85,Business Intelligence Consultant,Consulting
86,Business Lending Consultant,Consulting
87,Business Management Consultant,Consulting
88,Business Owner,Executive
89,Business Owner / Principal,Executive
90,Business Partner,unknown
91,Business Performance Advisor,Consulting
92,"Buyer: BOSS Menswear Business for North, Central, + South America DOS + E-Commerce",Sales
93,C.E.O.,unknown
94,Campus Relations Manager/Senior Recruiter,Recruiting
95,Campus Talent Acquisition | Specialist,Recruiting
96,Candidate Development Specialist | Talent Acquisition,Recruiting
97,Candidate for President of the United States,Executive
98,Capital Markets Lead - Distributed Ledger Technologies (Blockchain & Digital Assets),Communications
99,Career and Job Interview Coach,unknown
100,Career and Rational Coach,unknown
101,Career Coach,unknown
102,"CareStat- Holding company for Techstaffer, FinancialStaffer and ArisaPro",unknown
103,"Central Operations Manager, Product Connection-JUMP by Uber",Operations
104,CEO,Executive
105,CEO - Medical Science Liaison Society,Science
106,CEO (We're Hiring),Executive
107,CEO / Chief Strategist,Executive
108,CEO / Co-Founder,Executive
109,CEO / Executive Lean Coach,Executive
110,CEO / Recruitment Director,Executive
111,CEO // FOUNDER,Executive
112,CEO & Chief Strategist for Quill Intelligence LLC,Executive
113,CEO & Co-Founder,Executive
114,CEO & Cofounder,Executive
115,CEO & Founder,Executive
116,CEO & LinkedIn contributor providing Individual - Group - Enterprise Coaching,Executive
117,CEO & Managing Partner,Executive
118,CEO & Senior Recruiter,Recruiting
119,CEO + co-founder,Executive
120,CEO + Founder,Executive
121,CEO > Author > Podcast Host > Motivational Speaker,Executive
122,CEO | Entrepreneur,Executive
123,CEO | Inventory Liquidation Expert | Surplus Inventory | Closeouts | Sales & Procurement  SRG Trade,Executive
124,CEO and Board Director,Executive
125,CEO and Board Member,Executive
126,CEO and Chairman,Executive
127,CEO and Co-Founder,Executive
128,CEO and Founder,Executive
129,CEO and President,Executive
130,CEO at The Wise Pineapple | Speaker | Trainer | Consultant | Coaching,Executive
131,CEO CRUSADERS VALOR FOR VETERANS,Executive
132,"CEO, Central Region (Chicago | Austin | Minneapolis | Memphis)",Executive
133,"CEO, Co-Founder",Executive
134,"CEO, Cofounder",Executive
135,"CEO, CSO, Owner",Executive
136,"CEO, Estimator for Insurance Claims, Construction, & Mitigation",Executive
137,"CEO, Founder",Executive
138,"CEO, Owner, and  Digital Marketing Expert",Executive
139,"CEO, President, and Founder",Executive
140,"CEO, SamsClub.com & EVP, Membership and Technology",Executive
141,CEO/Creative Director,Executive
142,CEO/Founder,Executive
143,CEO/OWNER,Executive
144,Ceo/President,Executive
145,CEO/Publisher,Executive
146,CERTIFIED FINANCIAL PLANNERâ„¢ Practitioner,Finance
147,Certified Life Coach,unknown
148,CFO,Finance
149,"CFO and EVP Finance, Operations & IT North America",Finance
150,Chairman / CEO,Executive
151,Chairman & CEO,Executive
152,Chairman & Chief Executive Officer Johnson Controls,Executive
153,Chairman and CEO,Executive
154,Chairman of the Board,unknown
155,"Chairman, CEO & Founder (ME+)",Executive
156,"Chairman, President and CEO",Executive
157,Chairman/Founder Rabine Group,Executive
158,Channel Marketing Manager,Marketing
159,Chief,unknown
160,Chief Administrative Officer (CAO) Latin America,Administrative
161,Chief Aggravation Officer,Communications
162,"Chief Algorithms Officer, EVP",Communications
163,Chief Behavioral Officer,Health
164,Chief Brand Officer,Marketing
165,Chief Business Officer (Enterprise),Administrative
166,Chief Commercial Officer,Marketing
167,Chief Communications Officer,Communications
168,Chief Community Engagement Officer & Chief of Staff,Communications
169,"Chief Compliance Officer, Director of Risk & Insurance",Compliance
170,Chief Creative Officer,Communications
171,Chief Customer Experience Officer,Customer Support
172,Chief Customer Officer,Customer Support
173,Chief Data and Analytics Officer,Administrative
174,Chief Data Officer,Marketing
175,Chief Data Officer and VP of Engineering,Information Technology
176,Chief Data Strategy Officer,Marketing
177,Chief Decision Scientist,unknown
178,Chief Delivery and Innovation Officer,Innovation
179,Chief Development Officer,Communications
180,Chief Digital Officer,Marketing
181,Chief Digital Officer (CDO),Marketing
182,"Chief Digital Officer (CDO), R&DS Technology Solutions",Marketing
183,Chief Diversity and Professional Development Officer,Communications
184,"Chief Diversity Officer & Director, Employee Engagement",Communications
185,Chief Elevation Officer,Communications
186,Chief Empathy Officer,Communications
187,Chief Evangelist,unknown
188,Chief Executive Officer,Executive
189,Chief Executive Officer - Americas Region,Executive
190,"Chief Executive Officer - AT&T Consumer, AT&T  Communications, LLC",Executive
191,Chief Executive Officer / Aerospace Engineering,Engineering
192,Chief Executive Officer / CTO & Founder,Executive
193,Chief Executive Officer / President,Executive
194,Chief Executive Officer & Board Member,Executive
195,Chief Executive Officer & Chairman of the Board of Directors,Executive
196,Chief Executive Officer & Founder,Executive
197,Chief Executive Officer & President,Executive
198,Chief Executive Officer | Chief Strategist,Executive
199,Chief Executive Officer and Board Membe,Executive
200,Chief Executive Officer and Co-Founder,Executive
201,Chief Executive Officer and President,Executive
202,Chief Executive Officer at DocuSign,Executive
203,"Chief Executive Officer, Chief Investment Officer",Executive
204,"Chief Executive Officer, Founder",Executive
205,"Chief Executive Officer, The Americas, UK & Ireland",Executive
206,Chief Experience Officer,Communications
207,Chief Financial Officer,Finance
208,Chief George Officer,Communications
209,Chief Growth Officer,Marketing
210,Chief Heart Officer,Communications
211,Chief Human Resources Officer,Human Resources
212,Chief Human Resources Officer and Senior Vice President,Human Resources
213,Chief Inclusion Officer,Communications
214,Chief Information Officer,Administrative
215,Chief Information Security Officer,Administrative
216,Chief Information Security Officer (CISO),Administrative
217,Chief Innovation Officer,Innovation
218,Chief Intelligence Officer,Communications
219,Chief Investment Officer,Communications
220,Chief Marketing Ambassador,Marketing
221,Chief Marketing and Communications Officer,Marketing
222,Chief Marketing Officer,Marketing
223,Chief Marketing Officer & EVP of Corporate Strategy,Marketing
224,Chief Medical Officer,Health
225,"Chief of Diversity, Equity & Inclusion",unknown
226,Chief Of Staff,Administrative
227,Chief of Staff - CTO,Administrative
228,Chief of Staff (COO),Administrative
229,"Chief of Staff, CTO",Administrative
230,"Chief Of Staff, Microsoft AI Platform",Administrative
231,"Chief of Staff, Product",Product
232,Chief Operating Officer,Operations
233,Chief Operating Officer | Board of Directors,Operations
234,Chief Operations Officer,Operations
235,"Chief Penguin, IBM Hyper Protect Accelerator",unknown
236,Chief People & Culture Officer,Administrative
237,Chief People Officer,Administrative
238,Chief Persistence Officer (CPO) - Last Line of Defense (LLD),Communications
239,Chief Procurement Officer,Communications
240,Chief Product & Research Officer,Research
241,Chief Product & Technology Officer,Product
242,Chief Product Officer,Product
243,Chief Revenue Officer,Communications
244,Chief Revenue Officer (CRO),Communications
245,Chief Sales Officer,Sales
246,Chief Science Officer,Science
247,"Chief Scientist, Azure Global",Communications
248,Chief Strategist | Founder,Executive
249,Chief Talent Officer,Recruiting
250,Chief Talent Officer & Managing Partner,Recruiting
251,Chief Technical Evangelist,unknown
252,Chief Technology Officer,Administrative
253,Chief Technology Officer (CTO & CIO),Administrative
254,"Chief Technology Officer, Customer Service and Support",Customer Support
255,"Chief Thinker/Maker, In Style Exchange Sustainable Apparel Manufacturing Services",Administrative
256,Chief Troublemaker,unknown
257,Chief U.S. Macro Strategist,unknown
258,Chief Wallet Hacker-helping mid-size companies provide the best financial education for employees,Education
259,CIO (Chief Idea Officer),Communications
260,"CIO of Commercial Bank Technology, SVP",unknown
261,CISO,unknown
262,Client Relationship Director,Administrative
263,"Clinical Associate Professor, Academic Director of HCM, NYU SPS",Education
264,Cloud Applications Managed Services Lead,Administrative
265,CMO,unknown
266,CMO; Owner; Marketing & Branding Agency; Business Strategy; Brand Naming; Marketing Communications,Executive
267,CMO/EVP,unknown
268,Co - CEO/Founder,Executive
269,Co Founder & CEO,Executive
270,Co President Enterprise Collaboration,Executive
271,Co- Founder & Co-CEO,Executive
272,Co-CEO,Executive
273,Co-CEO and Owner,Executive
274,Co-CEO/Co-Founder,Executive
275,Co-Chair - Global Future Council on the New Social Contract,unknown
276,Co-Founder,Executive
277,Co-founder / CEO,Executive
278,Co-Founder / CTO,Executive
279,Co-Founder & CEO,Executive
280,Co-Founder & Chairman,Executive
281,Co-Founder & Chief Business Officer,Executive
282,Co-Founder & Chief Digital Officer,Executive
283,Co-Founder & Chief Revenue Officer,Executive
284,Co-founder & Chief Storyteller,Executive
285,Co-Founder & Co-CEO,Executive
286,Co-Founder & COO,Executive
287,Co-Founder & CTO,Executive
288,Co-Founder & Head Job Coach,Executive
289,Co-Founder & Managing Partner,Executive
290,Co-Founder & MindTickler,Executive
291,Co-Founder & President,Executive
292,Co-Founder & Principal,Executive
293,Co-Founder | CEO,Executive
294,Co-Founder | Chief Executive Officer,Executive
295,Co-Founder and CEO,Executive
296,Co-founder and CEO Mirakl Inc.,Executive
297,Co-Founder and Chief Marketing Officer,Executive
298,Co-Founder and Chief Product Officer,Executive
299,Co-Founder and Chief Revenue Officer,Executive
300,Co-Founder and CTO,Executive
301,Co-Founder and Partner,Executive
302,Co-Founder of Quinlan|MacKay LLC,Executive
303,"Co-Founder, CEO",Executive
304,"Co-Founder, Chief Learning & Development Officer",Executive
305,"Co-Founder, COO",Executive
306,"Co-founder, CTO",Executive
307,"Co-Founder, Head of Engineering",Executive
308,"Co-Founder, Managing Partner, and Board Member",Executive
309,"Co-Founder, President & CFO",Executive
310,"Co-founder, Principal",Executive
311,"Co-Founder, VP of Marketing",Executive
312,Co-Founder/CEO,Executive
313,Co-Manager,Administrative
314,Co-Owner,Executive
315,"Co-Owner, Co-Founder & Managing Director",Executive
316,Co-Owner/ President,Executive
317,Co-Owner/Broker,Executive
318,Coach/Consultant/Author/Speaker,Consulting
319,Cofounder,Executive
320,"Cofounder, Chief Operating Officer",Operations
321,"CoFounder, President",Executive
322,Columnist,unknown
323,Commercial Account Executive,Sales
324,Commissioner & CIO For The City of Atlanta,unknown
325,"Commissioner, Call of Duty Esports",unknown
326,Communities Director and Chair of the CMO Network,Administrative
327,Community Engagement Lead,Communications
328,Community Orchestrator & CEO,Executive
329,Company Group Chairman,unknown
330,Company Owner,Executive
331,Consultant,Consulting
332,Consultant & Coach,Consulting
333,"Consultant & Coach, Founder",Executive
334,Consultant + Coach,Consulting
335,Consultant/Advisor,Consulting
336,Consultant/Teacher/Developer,Consulting
337,Content Creator,unknown
338,Content Marketing Specialist,Marketing
339,Content Strategy & Programming,Communications
340,Contract Illustrator and Art Director,Administrative
341,Contributing Writer,unknown
342,COO,Operations
343,COO & Co-Founder,Executive
344,COO and Interim Head of Product,Product
345,Coplex Venture,unknown
346,Copywriter,unknown
347,Copywriter & Brand Strategist,Communications
348,Cornerstone,unknown
349,Corporate & Enterprise Partnerships | DoorDash for Business,Sales
350,Corporate & Product Strategy,Product
351,Corporate Account Manager,Sales
352,Corporate Board Member,unknown
353,Corporate CIO,Administrative
354,Corporate Law Partner,Legal
355,Corporate Recruiter,Recruiting
356,"Corporate Recruiter, Talent Acquisiton Business Partner",Recruiting
357,Corporate Recruitment Manager,Recruiting
358,Corporate Security Manager,Administrative
359,Corporate Sourcer (Recruiting) - Sales & G&A,Recruiting
360,Corporate Strategy and Development,Communications
361,Corporate Vice President,Communications
362,Corporate Vice President - Azure Global,Communications
363,"Corporate Vice President - Worldwide Commercial Business - Small, Medium & Corporate",Administrative
364,Corporate Vice President of The Genesis Consortium LLC,Communications
365,"Corporate Vice President,   Enterprise and Commercial Industries",Administrative
366,"Corporate Vice President, Global Sales Engineering",Sales
367,"Corporate Vice President, Head of Global Ecosystem and Business Development",Sales
368,Correspondent,unknown
369,"Country Manager, Business Development",Sales
370,"CPA, President",Executive
371,CPG Consultant,Consulting
372,CPO,unknown
373,Creative Director,Administrative
374,Creative Follower,unknown
375,Creator of My Solemate #1 Best Seller on amazon.com,unknown
376,CryptoRecruit Blockchain,unknown
377,"CSI - Culture, Strategy, and Innovation",Innovation
378,"CSO, Senior Fellow and Chief Analyst",Administrative
379,CTO,unknown
380,CTO & Senior Vice President of Innovation,Innovation
381,"CTO, heading Products and Engineering",Engineering
382,"Currently on break, ex-Uber",unknown
383,Curriculum Developer,Administrative
384,Customer Success Manager & Product Evangelist,Product
385,CXO Advisory Board,Consulting
386,Cyber Information Assurance Analyst / Vulnerability & Patch Management Lead,Information Technology
387,Cyber SecurityCulture Hacker,unknown
388,Cyber Threat Intelligence Advisor,Consulting
389,Cybersecurity Field CTO,Administrative
390,Cybersecurity Strategist and Advisor,Consulting
391,Cyberspace Operations,Operations
392,Data and Analytics Strategy Consultant (w/ 8 years experience),Consulting
393,Data Center Sales Executive,Sales
394,Data Engineering Intern,Information Technology
395,Data Engineering Manager,Information Technology
396,Data Science Manager,Science
397,Data Science Technology Leader,Science
398,Data Scientist,Information Technology
399,Data Scientist II,Information Technology
400,Data Scientist III,Information Technology
401,Data-Driven Defense Evangelist,Information Technology
402,Dentist,unknown
403,"Department Manager, Sales & Operations",Sales
404,Deputy Assistant to the President for Homeland Security & Resilience,Administrative
405,Deputy CEO of P&C Partners in charge of Ventures & Strategic Partnerships,Executive
406,Design Release Engineer - Upper Structure's,Engineering
407,"Designer, CEO",Executive
408,Developer Advocate,Administrative
409,Developing The Next Generation of Great Entrepreneurs,unknown
410,DevOps Tech Lead/Manager,Administrative
411,"Digital Imaging Consultant, Executive General Adjuster, Estimator and Appraiser",Consulting
412,Digital Marketing Analyst,Marketing
413,Digital Strategist/Speaker,Communications
414,Digital Transformation Executive,Administrative
415,"Digital Transformations - Hybrid Cloud &SAP Cloud, S/4Hana, RPA, AI&ML MDM, EDW, RedShift&DR",unknown
416,Director,Administrative
417,Director - Cybersecurity,Administrative
418,Director - Diversity & Inclusion Specialist,Communications
419,"Director - Global Talent Acquisition - Engineering, Product and Customer Support",Customer Support
420,Director - Head of Data Infrastructure AI/ML,Information Technology
421,Director - Sales & Marketing,Marketing
422,Director - State & Local Government and Education Sales,Government
423,Director - Technology,Administrative
424,Director Corporate Development,Administrative
425,"Director Data Science, Data Science Platforms",Science
426,Director Engineering,Engineering
427,Director Engineering & Maintenance Operations,Engineering
428,Director Innovation Technology,Innovation
429,"Director of Alliances, Infrastructure and Cloud Partnerships",Communications
430,Director of Beautiful Miami Real Estate,Real Estate
431,Director Of Brand Marketing,Marketing
432,Director Of Business Development,Sales
433,Director Of Business Development - Cybersecurity,Sales
434,Director of Client Development,Administrative
435,Director Of Client Relations,Communications
436,Director of Client Relationships,Administrative
437,Director of Company Branding for CIO Technology Solutions,Information Technology
438,Director of Contracts,Administrative
439,Director Of Corporate Partnerships,Communications
440,Director Of Corporate Sales,Sales
441,Director of Creative Recruiting,Recruiting
442,Director Of Development,Administrative
443,Director Of Engineering,Engineering
444,Director Of Food And Beverage,Administrative
445,Director of Gaming,Administrative
446,Director of Hosting & Engineering Services,Engineering
447,Director of House of Representatives Office of Diversity and Inclusion,Administrative
448,Director of Human Resources,Human Resources
449,Director of Human Resources - Talent Acquisition & Retention,Human Resources
450,Director of IBM Research,Research
451,Director Of Information Technology,Information Technology
452,Director Of Innovation,Innovation
453,Director of Investment Due Diligence,Administrative
454,Director of Market Strategy,Marketing
455,Director of Marketing,Marketing
456,Director of Member Experience,unknown
457,Director Of Operations,Operations
458,Director of People & Culture,Administrative
459,"Director of PM, Industry Growth Engineering",Engineering
460,Director of Product and Technical Support | Co-Founder,Executive
461,Director of Product Management,Product
462,"Director of Product, Learning Solutions",Product
463,Director Of Recruiting,Recruiting
464,Director of Regional Sales,Sales
465,Director Of Retail Operations,Operations
466,Director of Sales,Sales
467,Director of Sales & Success,Sales
468,Director of Sales and Marketing,Marketing
469,Director of Sales/ GAP Selling Trainer,Sales
470,Director of Search,Administrative
471,Director of Strategic Communications and Talent Development,Communications
472,Director of Strategic Partnerships | Marketing,Marketing
473,Director of Talent Acquisition,Recruiting
474,Director of Talent Acquisition and Talent Management,Project Management
475,Director of Talent Acquistion,Recruiting
476,Director of Talent Acqusition (North America),Recruiting
477,Director Supply Chain Planning and Inventory Management,Project Management
478,Director Talent & Employment Solutions,Recruiting
479,Director Venture Capital - AI Fund,Administrative
480,"Director, Application Security",Administrative
481,"Director, Asset and Revenue Management Loss Prevention",Project Management
482,"Director, Business Development",Sales
483,"Director, Career Services, Master of Science in Business Analytics",Science
484,"Director, Chief Information Security Officer",Administrative
485,"Director, Combat Systems, Afloat Training Group, Mayport",Administrative
486,"Director, Commercial Optimization",Administrative
487,"Director, Corporate Solutions",Administrative
488,"Director, Cybersecurity Advisory Services",Administrative
489,"Director, Data",Information Technology
490,"Director, Data Science",Science
491,"Director, ECMO",Administrative
492,"Director, Engineering",Engineering
493,"Director, Engineering for Sales Solutions Core",Sales
494,"Director, Global Customer Success & BPO Operations",Operations
495,"Director, Global Head of Executive Engagement",Communications
496,"Director, Guest Experience and Hospitality",Communications
497,"Director, Head of Global Procurement",Communications
498,"Director, Head of Global Talent Analytics & Research",Research
499,"Director, Head of Growth & Data, Short Video Products",Communications
500,"Director, HR Consulting & Outsourcing",Human Resources
501,"Director, Information Technology",Information Technology
502,"Director, International Innovation",Innovation
503,"Director, LATAM - Startup Banking",Administrative
504,"Director, Leadership & Organizational Development",Communications
505,"Director, Machine Learning",Administrative
506,"Director, Market Intelligence",Marketing
507,"Director, Neonatology; Vice-Chair (Pediatrics); Josephine S. Sutland Professor of Newborn Medicine",Education
508,"Director, Product Innovation | Growth",Innovation
509,"Director, Sales Execution & Evolution",Sales
510,"Director, Search Platforms",Administrative
511,"Director, Software Development",Information Technology
512,"Director, Strategic Relations",Communications
513,"Director, Talent Acquisition",Recruiting
514,"Director, Talent Acquisition - News & Sports",Recruiting
515,"Director, Talent Acquisition - Technology",Recruiting
516,"Director, Video Encoding",Administrative
517,Diretora Executiva de Canais Digitais,unknown
518,Distinguished Engineer (Sr Director),Administrative
519,Diversity & Inclusion Talent Program Manager,Recruiting
520,Diversity and Campus Recruiter,Recruiting
521,Diversity Recruiter,Recruiting
522,Division Director of Talent Acquisition for HCA TriStar,Recruiting
523,"Division Director, Wealth Management",Project Management
524,"DKKD aka Diane Krehbiel Executive & Technology Recruiting (Contract, Direct Hire, Payroll Services)",Recruiting
525,Drilling Supervisor/ Wellsite Manger/ Superintendent,unknown
526,Driver,unknown
527,ðŸš€Remote Work Advocate & Co-founder,Executive
528,Editor,Communications
529,"Editor In Chief - EventMB, a Skift brand",Communications
530,Editorial Board Member,unknown
531,Elite Connections / CEO / Founder / President,Executive
532,Emergency Physician,unknown
533,Empowering Customer Experience Data & Insights,Customer Support
534,engineer/cofounder,Information Technology
535,Engineering Manager,Engineering
536,Enterprise Account Executive,Sales
537,Enterprise Account Executive - Midwest,Sales
538,Enterprise Account Executive | Head of Partnerships,Sales
539,"Enterprise Account Executive, Strategic & Major Accounts",Sales
540,Enterprise Business Development,Sales
541,"Enterprise Diversity, Inclusion & Belonging",unknown
542,"Enterprise Technical Recruiter, Strategic Accounts",Recruiting
543,Entrepreneur,unknown
544,Equitable Design & Impact Lead,Art & Design
545,ESG Sales Advisor,Sales
546,Event Consultant,Consulting
547,EVP & Chief Product Officer,Product
548,EVP & CIO,unknown
549,EVP & Global Head of Sales,Sales
550,EVP and CHRO,unknown
551,EVP and GM,unknown
552,"EVP and GM, Sales Cloud",Sales
553,EVP Customer Care,Customer Support
554,EVP of Marketing and Sales,Marketing
555,"EVP Strategic Business Operations , Partner & Customer Engagement",Operations
556,"EVP, Chief Commercial Officer & Co-Founding Partner",Executive
557,"EVP, Chief Marketing Officer",Marketing
558,"EVP, Chief Merchandising Officer at Bed Bath Beyond and President, Harmon Stores",Executive
559,"EVP, Chief Strategy & Innovation Officer",Innovation
560,"EVP, Emerging Payments Product and Strategy",Product
561,"EVP, Managing Director -  NIO USA & Global CIO",unknown
562,"EVP, People & Culture",Administrative
563,EVP/Chief Retail & Merchandising Officer-News America Marketing Div. of News Corp,Marketing
564,Executive Assistant,Administrative
565,Executive Clothier | Sales Leader,Sales
566,Executive Coach,Administrative
567,Executive Coach To Tech/Fintech Leaders,Administrative
568,Executive Director,Administrative
569,Executive Director - Finance Thought Leadership,Finance
570,Executive Director -Sales,Administrative
571,"Executive Director & President, Technology Services",Executive
572,Executive Director and Senior Faculty,Administrative
573,"Executive Director, Head of US Rates Trading and Strategy",Communications
574,"Executive Director, Senior Executive Service (SES), Education Service",Administrative
575,Executive Global Human Resources Leader,Human Resources
576,Executive Leadership / Director - Channel Sales & Partnerships - Cloud,Sales
577,Executive Recruiter,Recruiting
578,Executive Sales Representative,Sales
579,Executive Search & Career Coach,Administrative
580,Executive Senior Partner- Accounting & Finance,Accounting
581,Executive Technology Recruiter & Account Executive,Recruiting
582,Executive Vice President,Communications
583,Executive Vice President & Chief Financial Officer,Finance
584,Executive Vice President & Chief Operating Officer,Operations
585,"Executive Vice President & GM, Platform and Technology",Administrative
586,"Executive Vice President & President, Americas",Communications
587,"Executive Vice President & President, Senior Living",Communications
588,Executive Vice President and Chief Human Resource Officer,Human Resources
589,Executive Vice President and CIO,Communications
590,Executive Vice President and Global Head of Digital,Communications
591,Executive Vice President of Workforce Strategy,Communications
592,"Executive Vice President, Chief Human Resources Officer",Human Resources
593,"Executive Vice President, Chief Information Security Officer",Executive
594,"Executive Vice President, Chief Operating Officer and Chief Technology Officer",Operations
595,"Executive Vice President, Chief People & Culture Officer",Administrative
596,"Executive Vice President, Global Employee Success",Communications
597,"Executive Vice President, Head of Corporate Model Risk",Communications
598,"Executive Vice President, Healthcare & Life Sciences",Communications
599,"Executive Vice President, Worldwide Field Operations",Operations
600,Executive VP,Administrative
601,Executive/Corporate Coach,Administrative
602,EY Global Cybersecurity Leader,Administrative
603,Faculty,unknown
604,Field Application Scientist,Information Technology
605,Finance Manager/Business Unit Controller/Ops Liasion,Finance
606,Financial Advisor,Finance
607,Financial Coach,Finance
608,Financial Consultant,Consulting
609,Financial Planner,Finance
610,Fire Starter,unknown
611,Fleet Operations Manager,Operations
612,Force Improvement and Operational Safety Program Manager,Administrative
613,Former CEO and Investor,Executive
614,Founder,Executive
615,FOUNDER - CEO,Executive
616,Founder - Owner,Executive
617,Founder - President - CEO,Executive
618,Founder / CEO,Executive
619,Founder / Head of Innovation,Executive
620,Founder // Career Coach // Talent Bridgemaker,Executive
621,Founder & Board Member,Executive
622,Founder & CEO,Executive
623,Founder & Chief Executive Officer,Executive
624,Founder & Chief Medical Officer,Executive
625,Founder & Co-CEO,Executive
626,Founder & Creative CEO,Executive
627,Founder & CTO,Executive
628,Founder & Executive Director,Executive
629,Founder & General Partner,Executive
630,Founder & Host,Executive
631,Founder & Managing Partner,Executive
632,Founder & Owner of HUNT WITH JENNIFER,Executive
633,Founder & Principal Consultant,Executive
634,Founder & Special Needs Personal Trainer,Executive
635,Founder + CEO,Executive
636,Founder + Chief Purpose Officer,Executive
637,Founder | CEO,Executive
638,Founder and CEO,Executive
639,Founder and Chairman,Executive
640,Founder and Chief Energy Officer,Executive
641,Founder and Chief Executive Officer,Executive
642,Founder and Chief Marketing Officer,Executive
643,Founder and Chief Technology Officer,Executive
644,Founder and CTO,Executive
645,Founder and Director,Executive
646,Founder and Executive Director,Executive
647,Founder and General Partner at Moxxie Ventures,Executive
648,Founder and Managing Partner,Executive
649,Founder and Owner,Executive
650,Founder and President,Executive
651,Founder and Principal,Executive
652,Founder and SVP Engineering,Executive
653,Founder B2Linked - The LinkedIn Advertising Agency,Executive
654,"Founder, Career Coach, and Workshop Facilitator",Executive
655,"Founder, CEO",Executive
656,"Founder, Chairman and CEO",Executive
657,"Founder, Chairman, and CEO",Executive
658,"Founder, Chief Macro Strategist",Executive
659,"Founder, Editor and Publisher",Executive
660,"Founder, Employment Attorney",Executive
661,"Founder, Head of Product & Engineering",Executive
662,"Founder, Product Owner",Executive
663,"Founder, Workshop Facilitator, Speaker, Media Commentator",Executive
664,Founder/ CEO,Executive
665,Founder/CEO,Executive
666,Founder/Managing Partner,Executive
667,Founder/President,Executive
668,Founding Engineer,Information Technology
669,Founding Partner,unknown
670,Founding Partner and Managing Director,unknown
671,Franchise Consultant,Consulting
672,Freelance Coder,Consulting
673,French American independent Financial Planner & Investment Advisor,Consulting
674,Fusion Center Manager,Administrative
675,Galaxy Digital Asset Management,Project Management
676,Gender Affirmation Program Director,Administrative
677,General Counsel,Legal
678,"General Counsel, SVP Corporate Development, Corporate Secretary",Legal
679,General Manager,Administrative
680,General Manager - Southeast US,Administrative
681,General Manager- Global Early Career Programs,Communications
682,"General Manager, Four Seasons San Francisco at Embarcadero, Pre-opening Offices",Administrative
683,"General Manager, Health Industry Business Unit and Global Public Sector Business Development",Health
684,"General Manager, Microsoft Global University Recruiting",Recruiting
685,"General Manager, North America",Communications
686,"General Manager, North America & Australia NZ",Communications
687,General Managing Partner,unknown
688,General Partner,Legal
689,General Partner -- USA,unknown
690,Global Account Manager,Sales
691,Global AI Expert/AI Author,Communications
692,Global Brand President,Executive
693,Global CEO,Executive
694,"Global Chief Creative Officer, CCO Publicis Commmunications North America",Communications
695,Global Chief Diversity and Inclusion Officer,Communications
696,Global Chief Human Resource Officer Nielsen,Human Resources
697,Global Chief Marketing Officer,Marketing
698,"Global Chief Marketing Officer, Sparkling",Marketing
699,Global Chief Operating Officer,Operations
700,Global Consumer CMO,Communications
701,Global Creative Director,Administrative
702,Global Digital Advisor | CEO,Executive
703,Global Director Fabrication and Modularization,Administrative
704,"Global Director, Electrification",Administrative
705,"Global Director, Mineral Management Division",Project Management
706,Global Fiber,Communications
707,Global Head - Leadership Hiring,Communications
708,Global Head / Director â€“ API Product Management / Development,Product
709,Global Head of Alliances & Strategic Partnerships - Sr. Director - Cognizant Digital Business - AI&A,Sales
710,Global Head of Brand Design,Art & Design
711,Global Head of Compensation,Communications
712,Global Head of Electronic Trading,Communications
713,Global Head of Executive Talent Acquisition,Recruiting
714,"Global Head of Innovation & Strategy, XR (Extended Reality) | Managing Director",Innovation
715,Global Head of Marketing,Marketing
716,Global Head of Media,Communications
717,Global Head of Product Marketing,Product
718,Global Head of Real Estate & Workplace (Senior Director),Real Estate
719,Global Head of Support Operations,Operations
720,Global Head of Talent Acquisition and Chief Diversity Officer,Recruiting
721,"Global Head of Talent Acquisition, SVP",Recruiting
722,Global Head of the Fusion Resilience Center,Communications
723,Global Head Partnership Program,Communications
724,"Global Head, Digital Channels & Client Data Analytics",Communications
725,"Global Head, Global Securities Lending Solutions",Communications
726,"Global Impact Private Equity, Associate",Communications
727,"Global Keynote Speaker, Best-Selling Author, Outsourced CMO",Communications
728,Global Lead- VMware Cloud  on AWS,Administrative
729,"Global Lead, Large Account Insights",Sales
730,"Global Nike Direct Brand Marketing, Retail Brand Concepts",Marketing
731,Global Product Development Director Ford & Lincoln Battery Electric Vehicles,Product
732,"Global Product Director, Customer and Community Support Platform Products",Customer Support
733,"Global Product Lead, Manufacturing Sciences and Technology",Product
734,Global Real Estate Advisor,Real Estate
735,Global Recruiting Leader - Available for new opportunities,Recruiting
736,Global Sales Director,Sales
737,Global Sales Director - Supply Chain & Data Integration,Sales
738,Global Sales Strategy Leader (Cloud Compete),Sales
739,Global Solutions Manager - Americas,Administrative
740,Global Speaker,Communications
741,Global Talent Acquisition Manager,Recruiting
742,Global Talent Acquisition Partner,Recruiting
743,"Global Vice President, Applications",Communications
744,"Global VP - infrastructure, cloud and security services",Administrative
745,"Global VP Marketing, Google Cloud",Marketing
746,Globalization Program Manager,Administrative
747,GM Americas / SVP Sales Global,Sales
748,GM Global Real Estate & Security,Real Estate
749,GM of Sports,unknown
750,GM- Special Projects Autograph Collections,unknown
751,Go-To-Market & Operations Consultant,Consulting
752,Google Cloud Security & Compliance Specialist,Compliance
753,Googler,unknown
754,"Graduate Program Manager, Department of Chemistry",Administrative
755,Graduate Research Assistant/Graduate Council Fellow,Research
756,"Group Chief Executive â€” Communications, Media & Technology",Communications
757,"Group Executive-Merchants, Acceptance & Digital Partnerships",Sales
758,"Group President, Consumer Operations, Technology & Emerging Businesses",Operations
759,"Group SVP, Content & Commercial Strategy",Communications
760,"Group Vice President, Americas Sales, Financial Services GBU",Sales
761,Growth Investor,unknown
762,Growth Marketing Lead,Marketing
763,Head - Engineering and Operations,Engineering
764,Head Coach,Sports
765,Head North America,Communications
766,Head of Accessibility,Communications
767,Head of AI Lab,Communications
768,Head of Americas Marketing,Marketing
769,Head of Americas Sales Recruiting,Recruiting
770,Head Of Analytics,Communications
771,Head of Artificial Intelligence,Communications
772,Head of Artificial Intelligence Technical Program Management,Project Management
773,Head of Brand and Content Marketing,Marketing
774,Head of Business Development and Strategic Partnerships,Sales
775,"Head of Business Development, Elevate",Sales
776,Head of Business Operations for Global Sales,Sales
777,Head of Business Strategy,Communications
778,Head of Consumer Banking,Communications
779,"Head of Content Partnerships, North America",Communications
780,Head of Creative,Communications
781,Head of Data Science,Science
782,Head Of Design,Art & Design
783,Head of EID Talent Acquisition,Recruiting
784,Head of Elevate,Communications
785,Head of Engineering,Engineering
786,Head of Facilities Services,Communications
787,Head of Gaming,Communications
788,Head of Global Affairs & Chief Legal Officer,Legal
789,Head of Global Corporate Real Estate - Managing Director,Real Estate
790,Head of Global Diversity and Inclusion,Communications
791,Head of Global Human Health Division,Health
792,Head Of Global Marketing,Marketing
793,"Head of Global Operations Strategy & Planning, Uber Eats",Operations
794,Head of Global Talent Acquisition,Recruiting
795,Head of Global Talent and People Ops - ( an Amazon company),Recruiting
796,Head of Global Technology and Operations,Operations
797,Head of Global Veterans Affairs & Programs,Communications
798,Head of Global Video Solutions,Communications
799,Head of Growth,Communications
800,Head of Growth Product,Product
801,"Head of Growth, Airtable",Communications
802,Head of Hardware Technologies @ Building 8,Communications
803,Head Of Human Resources,Human Resources
804,"Head of Inclusion & Diversity, Total Well-Being and EEO, North America â–º Visionary Change Agent",Communications
805,"Head of Industry, Travel, Southeast U.S.",unknown
806,Head of Institutional Lending,Communications
807,"Head of Integrated Marketing, US",Marketing
808,Head of International,unknown
809,Head of Investments,Communications
810,Head Of Marketing,Marketing
811,Head of Marketing North America at Popeyes Louisiana Kitchen (RBI),Marketing
812,Head of North America Compliance Training,Compliance
813,Head of Operations and Cofounder,Operations
814,Head of People,Communications
815,"Head of Product (Partner Director), Microsoft Teams Devices",Product
816,"Head of Product and Engineering, AWS Backup",Engineering
817,Head of Product for Google Cloud Deployment Manager,Product
818,Head of Product Inclusion,Product
819,Head of Research and Chief Markets Strategist,Research
820,"Head of Research, People + Performance",Research
821,Head Of Sales,Sales
822,Head of Strategic HR Projects,Communications
823,Head of Strategy & Corporate Development,Communications
824,"Head of Student Strategy, Advancing Black Leaders",Communications
825,Head of Talent,Recruiting
826,Head of Talent Acquisition,Recruiting
827,"Head of Uber Eats, US & Canada",Communications
828,Head of WW Channels and Alliances,Communications
829,Head UBS Philanthropy and CEO UBS Optimus Foundation,Philanthropy
830,"Head, Global Digital Learning",Communications
831,Healthcare Account Manager,Sales
832,Healthcare IT Recruiter,Recruiting
833,High-Class Consultant,Consulting
834,Hiring new advisors/Growth and Development Director,Communications
835,Hospitality recruiter,Recruiting
836,Host & Connector,unknown
837,Host/Executive Producer of To Dine For with Kate Sullivan,Communications
838,HR Business Partner,Human Resources
839,HR Director,Human Resources
840,Human Resources Manager,Human Resources
841,Human Resources Manager | Bechtel Global Corporation,Human Resources
842,"I help CTOs, CIOs, and CISOs build amazing security teams",unknown
843,In House Real Estate Sales,Sales
844,Incoming CEO of LabCorp,Executive
845,Independent Board Member,unknown
846,Independent Consultant,Consulting
847,Independent Consultant & Superman,Consulting
848,Independent Director,Administrative
849,Independent Investor (Analytics),Consulting
850,"Independent UX Consultant, Speaker & Author",Consulting
851,Information Security Officer,Administrative
852,Infrastructure Architect,Administrative
853,Innovation Manager / Marketing Team Lead,Marketing
854,Inside Sales Engineer,Sales
855,Instructional Design Specialist,Art & Design
856,Internal Medicine Hospitalist,unknown
857,Internal Medicine Hospitalist PA,unknown
858,International Business Development,Sales
859,"International Keynote speaker, Seminar Leader, Coach and Consultant",Consulting
860,International Sales Manager,Sales
861,INVENTED & PATENTED BASEBALL'S SOLUTION TO SIGN STEALING,unknown
862,Investment Banking Analyst,Administrative
863,Investment Partner,unknown
864,Investment Team,unknown
865,investments,unknown
866,Investor,unknown
867,IT Manager,Administrative
868,IT Recruiter,Recruiting
869,IT Support Engineer,Information Technology
870,IT Technical Manager / Epic Architect,Administrative
871,Job Search & Interview Coach | Certified RÃ©sumÃ© Writer | LinkedIn Strategist | Speaker,Consulting
872,Junior Software Developer,Information Technology
873,Keynote Speaker,unknown
874,Keynote Speaker and Bestselling Author,unknown
875,Large Enterprise Sales Recruiter,Recruiting
876,Launch With GS,unknown
877,Lead - Operations & Product (North America),Operations
878,Lead Cyber Security Engineer,Information Technology
879,Lead Guide/Academic Coach,Education
880,Lead Project Manager,Project Management
881,Lead Recruiter,Recruiting
882,Lead Recruitment Consultant,Consulting
883,Lead Sales Recruiter,Recruiting
884,"Lead Software Engineer, Analytics Data Pipeline",Information Technology
885,Lead Water Treatment Plant Operator,unknown
886,Leadership Expert & Wealth/Health Professional,Health
887,Leadership Recruiting,Recruiting
888,Learning and Development Manager,Administrative
889,Learning Experience Design Manager,Art & Design
890,Lecturer,Education
891,Lecturer in Engineering Sciences,Engineering
892,Licensed Real Estate Professional,Real Estate
893,Licensed Social Worker,unknown
894,"LinkedIn Trainer, Strategist, Speaker, Ambassador, Consultant",Consulting
895,Liposculpture and Body Contouring Specialist; Cosmetic and Laser Dermatologist,Administrative
896,M365 Marketing Director for Enterprise Commercial,Marketing
897,Machine Learning Specialist Solutions Architect,Information Technology
898,"Machine Learning Specialist, NLP Consultant",Consulting
899,Management Consultant,Consulting
900,Manager - Leasing,Administrative
901,Manager of Business Development,Sales
902,Manager of Recruiting/Human Resources,Recruiting
903,Manager Software Dev & Engineering,Information Technology
904,"Manager, Community Engagement",Communications
905,"Manager, Content Strategy",Communications
906,"Manager, Digital and Social Media",Marketing
907,"Manager, Inside Sales",Sales
908,"Manager, Strategic Partner Development",Sales
909,"Manager, Talent",Recruiting
910,"Manager, Talent Acquisition - University Relations",Recruiting
911,Managing Director,unknown
912,Managing Director of Development,unknown
913,"Managing Director, Cloud GTM Strategy and Operations",Operations
914,"Managing Director, Executive Search",unknown
915,"Managing Director, General Manager - Capital Markets",Administrative
916,"Managing Director, Global Head of Business Development & Marketing",Marketing
917,"Managing Director, Global Head of Enterpise Data Technology",Communications
918,"Managing Director, International Business Development",Sales
919,"Managing Director, Microsoft for Startups [ Silicon Valley, Southwest]",unknown
920,"Managing Editor of News & Snacks @ Robinhood, Co-Founder of MarketSnacks (Acquired by Robinhood)",Executive
921,"Managing Editor, B2B Content",unknown
922,Managing Member,unknown
923,Managing Partner,unknown
924,Managing Partner - California Business,unknown
925,Managing Partner / Owner,Executive
926,Managing Partner / Search Consultant,Consulting
927,"Managing Partner, Sports and Wellness VC",unknown
928,Manufacturing Industry SME,unknown
929,"Manufacturing, Supply Chain & Operations",Operations
930,Market Unit Lead - South & Metro Washington DC Office Managing Director,Marketing
931,marketing + communications,Marketing
932,Marketing Analyst | NBA & Hoops Partnerships,Marketing
933,Marketing and Sales Coordinator,Marketing
934,Marketing and Sales VP/GM - Patient Monitoring/Med-tech Start-up,Sales
935,Marketing Coordinator,Marketing
936,Marketing Director,Marketing
937,Marketing Manager | Kylie Cosmetics + Kylie Skin,Marketing
938,Marketing Specialist,Marketing
939,Marketing Strategist and Founder,Executive
940,Master Cloud Solutions Architect,Information Technology
941,Matchmaker - Storyteller,unknown
942,Mayor,unknown
943,MBA Associate,unknown
944,MBA Candidate,unknown
945,"McCormick Foundation Professor of Technology, Director - Center for Research in Tech & Innovation",Education
946,Media Production Consulting,Production
947,Medical Device Sales Representative,Sales
948,Member,unknown
949,Member Board Of Directors,unknown
950,Member of Board of Directors,unknown
951,Member of CSCMP,unknown
952,Member Of The Dean's Council Of Advisors,unknown
953,"Member, Board of Directors",unknown
954,"Member, Co-Chair Privacy & Data Security. Chair, Latin America Desk",Executive
955,"Mental Health Advocate, Author, Blogger, Freelance Writer",Consulting
956,Microsoft Dynamics Specialist,Administrative
957,Microsoft Global Women in Channel Diversity & Inclusion Leadership Committee Chair,Communications
958,Military Relations Manager,Military
959,Mizuho Financial Group Professor of Finance,Finance
960,Mortgage Banker,unknown
961,Mortgage Expert/Mortgage Loan Consultant,Consulting
962,"Motivational Leadership Speaker & Author- Catalyst for Change, Growth, & Transformation",unknown
963,Multi Family Syndicator,unknown
964,National Account Manager,Sales
965,National Director of Marketing,Marketing
966,NetSuite Recruitment Specialist,Recruiting
967,"News Editor, Daily News",Communications
968,"News Editor, Software Engineering",Information Technology
969,Novartis Professor of Leadership and Management,Education
970,"Office of the CEO, corporate development, M&A, and healthcare",Administrative
971,"Office of the CIO - IT Strategy, Planning & Business Operations",Operations
972,Official Member,unknown
973,Open Source Risk Specialist,Administrative
974,Operations Manager,Operations
975,Ordained Minister,unknown
976,"Organizational Design Coach, Consultant & Trainer",Consulting
977,Organizational Development Consultant,Consulting
978,Orthopaedic Surgeon,unknown
979,Owner,Executive
980,Owner - President,Executive
981,Owner / Mission and Vision Statement Writer / Content Strategy,Executive
982,Owner / Program Manager,Executive
983,Owner & Lead Designer,Executive
984,Owner & Solutions Provider,Executive
985,Owner and CEO,Executive
986,Owner Boss Weight Loss,Executive
987,Owner/Internet Celebrity/Worldâ€™s Best Boss,Executive
988,Owner/Landman,Executive
989,Owner/Master Craftsmen,Executive
990,Partner,unknown
991,Partner & Co-Founder,Executive
992,Partner & President,Executive
993,Partner Engineering Director,Engineering
994,"Partner, Head of Consumer Practice",Communications
995,"Partner, Healthcare Industry Advisory",Consulting
996,"Partner, Mergers & Acquisitions, Private Equity and Capital Markets",unknown
997,"Partner; CapitalPresident.com, Chair; FootstepsForAfrica.org, CEO; TiaraProtein.com",Executive
998,"Partnering Consultant, Supply Chain Advisor",Consulting
999,Partnerships,Communications
1000,Partnerships Manager,Administrative
1001,party planner,unknown
1002,Peak Performance Coach,unknown
1003,People Operations Manager,Operations
1004,People Ops Manager - US,Administrative
1005,Perpetual Education Fund (PEF) International Operations Manager,Operations
1006,Physician,unknown
1007,Platform Architect,Information Technology
1008,Podcaster - Everyday People Podcast - By The HR Dad,Administrative
1009,Portfolio Manager,Administrative
1010,Power BI Customer Engagement Lead,Customer Support
1011,Practice Director,Administrative
1012,"Practice Director , Human Resources Recruiting",Recruiting
1013,PraxisEP LLC  | CEO,Executive
1014,President,Executive
1015,"President - AFT Construction, LLC; Principal - Volo Holdings & MSI West Investments",Executive
1016,President - General Agent,Executive
1017,"President - R&D, Operations & Customer Service",Operations
1018,President - US Enterprise,Executive
1019,President / Creative Director,Executive
1020,President & CEO,Executive
1021,President & CEO | We Help Service- Based Businesses Aquire Intentional Vetted Appointments,Executive
1022,"President & CEO, Belvedere Vodka",Executive
1023,"President & CEO, North America",Executive
1024,"President & CEO, Norwegian Cruise Line",Executive
1025,President & Chief Executive Officer,Executive
1026,"President & Chief Executive Officer, Including an Initial 9-month Interim Period",Executive
1027,President & Cofounder,Executive
1028,President & Customer Success Officer,Customer Support
1029,President & Founder,Executive
1030,President | COO | Board of Directors 501c3,Executive
1031,President | Energy Advisors,Executive
1032,President | Medical Device Recruiter | MedTech Headhunter | Medical Device Executive Search,Recruiting
1033,President and Board Advisor,Executive
1034,President and CEO,Executive
1035,"President and CEO, Raymond James & Associates",Executive
1036,"President and CEO, Roche Diagnostics Corporation North America",Executive
1037,President and Chief Executive Officer,Executive
1038,President and Chief Operating Officer,Operations
1039,President and Editor,Executive
1040,President and Founder,Executive
1041,"President and Head of Healthcare, North America",Executive
1042,President and Recruiting Coach,Recruiting
1043,President Coty North America - Luxury & Consumer Beauty,Executive
1044,President Customer Experience (CX),Customer Support
1045,President Fendi Americas,Executive
1046,President GTM & CRO,Executive
1047,President of Emerging Growth,Executive
1048,President of Homes,Executive
1049,President- Doctors Business and Doctors Business Coaching and Mastermind,Administrative
1050,President-CEO,Executive
1051,"President, CEO & Founder",Executive
1052,"President, Chief Executive Officer and Board Director",Executive
1053,"President, Chief Executive Officer, and Board Member",Executive
1054,"President, Cloud Sales",Sales
1055,"President, Co-Founder",Executive
1056,"President, Creative Director, and Founder",Executive
1057,"President, Digital Solutions",Executive
1058,"President, Global Customer Operations",Operations
1059,"President, Houston Roughnecks",Executive
1060,"President, JORDAN Brand",Executive
1061,"President, Managing Director & Co-Founder",Executive
1062,"President, Miami Market- Commercial Banking and Wealth Management Executive",Executive
1063,"President, Team Marketing & Business Operations and Chief Innovation Officer",Marketing
1064,President/ Executive Recruiter,Recruiting
1065,President/ Pharmacist in Charge,Executive
1066,President/CEO,Executive
1067,President/CEO/Owner,Executive
1068,President/Owner,Executive
1069,Principal,unknown
1070,Principal Advisor,Consulting
1071,"Principal Analyst - Ecosystems, Channels, Partnerships & Alliances",Administrative
1072,"Principal BA, Author and Trainer",unknown
1073,Principal CEO,Executive
1074,Principal Consultant,Consulting
1075,Principal Cybersecurity Threat Intelligence and Analytics,unknown
1076,"Principal Data Scientist and Executive Advisor, First Data Science Fellow at Booz Allen",Consulting
1077,Principal Developer Advocate Lead,Administrative
1078,Principal Engineer,Administrative
1079,Principal Interior Designer,Art & Design
1080,Principal Product Management - Artificial Intelligence & Distributed Systems,Product
1081,"Principal Product Manager, Confluence",Product
1082,"Principal Recruiter for Sales, Specialization Sales, Security Professionals & Various Field roles",Recruiting
1083,"Principal Recruiter, Accounting and Finance",Recruiting
1084,"Principal Scientist, Head of Waymo Research",Research
1085,Principal Software Engineering Manager (Group SWE Manager)- Server (Hybrid Cloud),Information Technology
1086,Principal Solutions Engineer,Information Technology
1087,Principal Talent Acquisition Partner,Recruiting
1088,"Principal, Chief Marketing Officer",Marketing
1089,"Principal, Executive Trainer and Community Facilitator",Administrative
1090,"Principal, Head of Impact",unknown
1091,"Principal, Security & Infrastructure                                        FISMA, DFARS, NIST, CMMC",Administrative
1092,Procurement Buyer,unknown
1093,Product,Product
1094,Product Design Director,Art & Design
1095,Product Development Engineer,Product
1096,Product Evangelist,Product
1097,"Product Evangelist Lead, Special Projects, Innovation, & Key Accounts",Innovation
1098,Product Lead - Facebook Pay,Product
1099,"Product Management - New Initiatives, Alexa Health & Wellness",Product
1100,Product Manager,Product
1101,"Product Manager, Airbnb Plus",Product
1102,Product Marketing Manager,Product
1103,Product Marketing Manager | Microsoft Teams,Product
1104,Product System Leader - Site Operations Manager,Operations
1105,Professional Caregiver,unknown
1106,Professional Speaker,unknown
1107,Professor,Education
1108,Professor and Faculty Lead for Operations Management,Education
1109,Professor of Law,Education
1110,Profitability & Growth Advisor,Consulting
1111,Program Director,Administrative
1112,Program Manager,Administrative
1113,"Program Manager II, Delivery Strategy and Analytics World Wide Operations",Operations
1114,Project Manager,Project Management
1115,Project Manager/Estimator,Project Management
1116,Quantitative Management Associate,Project Management
1117,Racial Equity Advisor,Consulting
1118,Real Estate Agent,Real Estate
1119,Realtor,Real Estate
1120,Recruiter,Recruiting
1121,"Recruiter, Consumer TA",Recruiting
1122,Recruiting,Recruiting
1123,Recruiting Leader,Recruiting
1124,Recruiting Manager,Recruiting
1125,Recruiting Manager - Veteran Recruiting,Recruiting
1126,Recruiting Manager-North America,Recruiting
1127,"Recruiting Manager, Enterprise Sales, Partner Sales, + Growth Strategy",Sales
1128,"Region Head, Midwest",Communications
1129,Regional Consultant - Pharmaceutical/Biotechnology/Life Sciences,Consulting
1130,Regional Facilities Manager,Administrative
1131,Regional Human Resources Business Partner,Human Resources
1132,"Regional President of Middle Market Banking, Eastern Region",Executive
1133,Regional Sales Director,Sales
1134,Regional Sales Manager - East,Sales
1135,"Regional Sales Manager- Small Business, East Coast, LinkedIn Talent Solutions",Sales
1136,"Regional Sales, South Central US - 3D Production Printers",Production
1137,Regional Vice President,Communications
1138,"Regulatory Compliance Manager, CCCO",Compliance
1139,"Reporter and Publisher, Internet Security and Cybercrime",unknown
1140,"Research Quantitative Developer, Research Group",Research
1141,Residential Loan Officer,Administrative
1142,Resource Development Manager,Administrative
1143,Retired,unknown
1144,"Revenue Enablement, Solutions Lead",Information Technology
1145,"Risk Consultant,Public Speaker and Legal Expert",Consulting
1146,Risk Management and Personal Insurance Consultant,Consulting
1147,Rock Your Profile Program Leader | Global Event Marketing,Marketing
1148,Safety Manager,Administrative
1149,Safety Performance Manager,Administrative
1150,Safety Specialist,Administrative
1151,Sales,Sales
1152,Sales & Leadership Coach,Sales
1153,Sales Development Representative,Sales
1154,Sales Director,Sales
1155,"Sales Director, Intelligent Cloud & Infrastructure",Sales
1156,Sales Enablement Manager,Sales
1157,Sales Engineer,Sales
1158,Sales Executive,Sales
1159,Sales Lead,Sales
1160,Sales Leader,Sales
1161,Sales Manager - National Accounts,Sales
1162,Sales Ops Program Manager,Sales
1163,Sales Recruiter,Recruiting
1164,Sales Sourcing Recruiter,Recruiting
1165,Sales Specialist/ Stylist/ CEO assistant,Administrative
1166,Salesforce Technical Architect,Administrative
1167,School Administrator,Administrative
1168,Section Leader/Crew Member,unknown
1169,Security Engineer - Penetration Tester,Information Technology
1170,Senior .net/ Azure developer,unknown
1171,Senior Account Executive,Sales
1172,Senior advisor,Consulting
1173,Senior Agency Recruiter,Recruiting
1174,Senior Analyst,Administrative
1175,Senior Associate - Alliance Ventures,unknown
1176,Senior Business Development Manager,Sales
1177,Senior Business Development Representative,Sales
1178,Senior Career Consultant,Consulting
1179,Senior Consultant - Senior Data Scientist,Consulting
1180,"Senior Consultant Advertising Director OTT, Television, Netflix",Consulting
1181,Senior Consultant Technology Strategy,Consulting
1182,"Senior Consultant, Digital Strategy",Consulting
1183,Senior Content Consultant,Consulting
1184,Senior Content Development Director,Communications
1185,"Senior Contract Recruiter, Director of Talent & Sourcing Specialist",Recruiting
1186,Senior Corporate IT Recruiter,Recruiting
1187,Senior Corporate Recruiter,Recruiting
1188,Senior Cyber Security Consultant,Consulting
1189,Senior Cyber Security Engineer,Information Technology
1190,Senior Data Analyst,Information Technology
1191,Senior Data Scientist,Information Technology
1192,"Senior Data Scientist, Applied Data Science",Science
1193,Senior Data Warehouse Architect / Data Engineer,Information Technology
1194,Senior Developer Advocate,Administrative
1195,Senior Director,Administrative
1196,Senior Director - Head Of Recruitment,Recruiting
1197,"Senior Director & Global Head of Business Development, Uber Everything",Sales
1198,Senior Director Global Sales,Sales
1199,Senior Director of Business Development,Sales
1200,Senior Director of Engineering,Engineering
1201,"Senior Director of Engineering, SPG",Engineering
1202,Senior Director of Growth,Communications
1203,Senior Director Of Operations,Operations
1204,Senior Director of Product Management,Product
1205,"Senior Director of Product Management, Devices and Distribution",Product
1206,Senior Director of Relationship Management,Project Management
1207,Senior Director Partnership Activation and Business Solutions,Administrative
1208,"Senior Director, Business Operations",Operations
1209,"Senior Director, Demand Generation & Marketing Operations",Marketing
1210,"Senior Director, North America Policy",Communications
1211,"Senior Director, Product Strategy, Analytics",Product
1212,"Senior Director, Quantum Business Development",Sales
1213,"Senior Director, Sales",Sales
1214,"Senior Director, Strategic Partnerships",Communications
1215,"Senior Director, Talent Acquisition",Recruiting
1216,"Senior Director, Talent Solutions -  Key Accounts and Large Enterprise Relationship Management",Sales
1217,Senior editor at large,Communications
1218,Senior Engineering Manager,Engineering
1219,"Senior Engineering Manager, Developer Platform",Information Technology
1220,Senior Enlisted Advisor to the Chairman of the Joint Chiefs of Staff (SEAC),Consulting
1221,"Senior Equipment Engineer, Test Systems Engineering, Core Technology Team",Engineering
1222,Senior Executive Recruitment Consultant,Consulting
1223,Senior Executive Sending Specialist,Administrative
1224,"Senior Executive, Chief Information Officer, Chief Digital Officer, and BOD Member",Executive
1225,Senior Fellow and Vice President,Communications
1226,Senior IT Recruiter,Recruiting
1227,Senior Java Developer,unknown
1228,"Senior Leadership Consultant, Keynote Speaker & Author",Consulting
1229,"Senior Manager of Product Management, Whole Foods Market Integration",Product
1230,"Senior Manager, Military Talent Acquisition",Military
1231,"Senior Managing Director - Chief Talent Officer, Accenture Technology",Health
1232,Senior Managing Director | Commercial Real Estate | Corporate Real Estate,Real Estate
1233,"Senior Managing Director, Accenture",unknown
1234,"Senior Managing Director, Commercial Business Development",Sales
1235,"Senior Managing Director, Talent & Organization",Recruiting
1236,Senior Managing Partner,unknown
1237,Senior Marketing Associate,Marketing
1238,Senior Marketing Operations Manager,Marketing
1239,Senior Marketing Specialist,Marketing
1240,Senior Media Relations Specialist & Talent Acquisition Coordinator,Recruiting
1241,Senior Medical Science Liaison II,Science
1242,Senior News Editor,Communications
1243,Senior Operations Manager,Operations
1244,Senior Partner - Private Equity,Legal
1245,Senior Portfolio Manager,Administrative
1246,Senior Principal Consultant,Consulting
1247,Senior Product Manager,Product
1248,"Senior Product Manager, LinkedIn Learning",Product
1249,"Senior Product Marketing Manager, Microsoft Azure Future Growth, Go-To-Market Lead",Marketing
1250,"Senior Program Specialist - Diversity, Inclusion & Belonging",unknown
1251,Senior Project Administrator,Administrative
1252,"Senior Project Manager - Special Projects, IT Security & Service Management",Project Management
1253,Senior Project Manager/Plant Management Consultant,Consulting
1254,Senior Real Estate Manager - GGA - Global Goodwill Ambassadors,Real Estate
1255,Senior Recruiter,Recruiting
1256,"Senior Recruiter, Team Lead",Recruiting
1257,Senior Recruiter: Software and Applications Division,Recruiting
1258,Senior Recruiting Manager,Recruiting
1259,Senior Recruitment Solutions Advisor,Consulting
1260,Senior Regional Manager - Growth Business Segment (GRB) - TOLA,Administrative
1261,"Senior Regional Sales Director |  NY, NJ, PA, DE, MD, DC, VA & WV",Sales
1262,Senior Research Scientist,Research
1263,Senior Safety Consultant,Consulting
1264,Senior Sales Development Representative,Sales
1265,Senior Sales Enablement Specialist,Sales
1266,Senior Sales Executive and Corporate Evangelist,Sales
1267,Senior Sales Manager- Turbomachinery Process Solutions (TPS),Sales
1268,Senior Security Consultant (SMF),Consulting
1269,Senior Sharepoint Consultant,Consulting
1270,Senior Software Developer,Information Technology
1271,Senior Software Engineer,Information Technology
1272,Senior Sourcer Amazon III and Military POC----We're alaways hiring Veterans,Military
1273,"Senior Talent Acquisition Advisor, Sales, Americas",Recruiting
1274,Senior Talent Acquisition Consultant,Consulting
1275,Senior Talent Acquisition Lead/Daikin Recruitment Center,Recruiting
1276,Senior Talent Acquisition Partner,Recruiting
1277,Senior Talent Acquisition Specialist,Recruiting
1278,Senior Talent Partner,Recruiting
1279,Senior Team Lead Human Resources,Human Resources
1280,Senior Technical Recruiter,Recruiting
1281,Senior Technical Service Manager,Administrative
1282,Senior Technology Recruiter,Recruiting
1283,Senior Territory Business Manager,Administrative
1284,Senior Vice President,Communications
1285,"Senior Vice President - Investment Officer, PIM Portfolio Manager",Communications
1286,Senior Vice President & General Manager AppSmart,Communications
1287,Senior Vice President & Head of Corporate Communications,Communications
1288,Senior Vice President and Chief Marketing Officer,Marketing
1289,Senior Vice President and Chief Strategy Officer,Communications
1290,"Senior Vice President and General Manager, HPE GreenLake",Communications
1291,Senior Vice President and U.S. Chief People Officer,Communications
1292,"Senior Vice President Ecommerce, Marketing & Merchandising Technology",Marketing
1293,Senior Vice President Of Sales,Sales
1294,Senior Vice President Total Rewards,Communications
1295,"Senior Vice President, Chief Information Officer & Head of Global Facilities",Communications
1296,"Senior Vice President, Commercial",Communications
1297,"Senior Vice President, Product & Solutions Marketing",Marketing
1298,"Senior Vice President, Strategic Planning & Power Supply",Communications
1299,"Senior Vice President, Strategy & Business Development",Sales
1300,Senior Vice President/Financial Advisor,Finance
1301,Senior VP,Communications
1302,Small Business Owner,Executive
1303,"Small Structurals, New Technologies and IGT, Division President",Executive
1304,"Snowflake Co-founder, President of Products",Executive
1305,Social Media Outreach Coordinator,Administrative
1306,Software Developer Career Coach,Information Technology
1307,Software Development Engineer,Information Technology
1308,Software Development Engineer 2,Information Technology
1309,Software Engineer,Information Technology
1310,Software Engineer / System Architect / Owner,Information Technology
1311,Solution Architect,Information Technology
1312,Solutions Architect,Information Technology
1313,Solutions Engineer (Enterprise),Information Technology
1314,Speaker,unknown
1315,Speaking Agency,unknown
1316,Special Assistant to the Assistant Secretary of Defense for Acquisition for Cyber across A&S,Administrative
1317,Sr IT Manager,Administrative
1318,Sr. Account Executive,Sales
1319,Sr. Business Development & Sales,Sales
1320,Sr. Business Development Manager,Sales
1321,Sr. Corporate Talent Acquisition Specialist,Recruiting
1322,"Sr. Data Scientist (Neuroscience, Personalized Healthcare)",Information Technology
1323,Sr. Director Health & Wellness Transformation,Health
1324,"Sr. Director Product Management, Sales Solutions and Enterprise Platform",Product
1325,"Sr. Director, Digital & Developer Platform",Information Technology
1326,Sr. Engineering Manager - Messaging,Engineering
1327,Sr. Global HR Business Partner,Human Resources
1328,Sr. Industry Consultant - SAS Health,Consulting
1329,Sr. IT Manager,Administrative
1330,Sr. Java Developer,Administrative
1331,"Sr. Leader, Worldwide Business Development: Healthcare, Life Sciences, Genomics, Med Devices, AgTech",Sales
1332,Sr. Manager Channels,Administrative
1333,Sr. Manager Data Science,Science
1334,"Sr. Manager, Network Operations at Amazon Web Services",Operations
1335,"Sr. Manager, Sales Enablement",Sales
1336,"Sr. Manager, Solution Architecture",Administrative
1337,Sr. Network Engineer,Information Technology
1338,"Sr. PM lead, Windows Server - File Server and Clustering and many internal projects.",Communications
1339,Sr. Product Manager,Product
1340,Sr. Sales Enablement Manager,Sales
1341,Sr. SAP- FI/CO Solution Architect/ Subject Matter Expert,Executive
1342,Sr. Talent Acquisition Manager and Licensed Mortgage Originator,Recruiting
1343,Sr. Technical Recruiter,Recruiting
1344,"Sr. Technical Recruiter,  RMS- Engineering & Technology, Cyber Security",Recruiting
1345,"Sr. Technical Recruiter, Confluence & Enterprise Cloud",Recruiting
1346,Sr. Technical Services Specialist,Administrative
1347,"Sr. University Recruiter, Internship Programs",Recruiting
1348,Staff Manufacturing Engineer - Body Engineering,Engineering
1349,Staff Software Engineer and Machine Learning Scientist,Information Technology
1350,Staff UX Design Researcher,Art & Design
1351,Startups Strategy Associate,unknown
1352,"State, Local & Fed Civilian Sales Executive",Sales
1353,Strategic Account Executive,Sales
1354,Strategic Account Manager,Sales
1355,Strategic Accounts,unknown
1356,Strategic Advisor,Consulting
1357,Strategic HR Consultant | Executive Coach | Workplace Investigator,Consulting
1358,"Strategic Initiatives, Brand Growth, and Global Insights",Communications
1359,Strategic Inside Sales Account Representative,Sales
1360,Strategic Partnership Associate,unknown
1361,"Strategic Partnerships, Instagram Shopping",Communications
1362,Strategic Program Management Consultant,Consulting
1363,Strategy Professor at Columbia Business School,Education
1364,"Summary: CEO & Board Director. Digital, Technology & Business Leader.",Executive
1365,Supervisor,unknown
1366,Support and Services Manager,Customer Support
1367,SVP & CIO,unknown
1368,"SVP & General Manager, Financial Services",Finance
1369,SVP & GM Oracle CX Service,unknown
1370,"SVP & GM, Core Dropbox",unknown
1371,SVP and Chief Product Officer Verizon Business,Product
1372,SVP CIO,unknown
1373,SVP Consulting Services,Consulting
1374,"SVP Customer Product, Online Grocery & Last Mile",Product
1375,SVP Engineering,Engineering
1376,SVP Global Sales,Sales
1377,SVP of Development,Communications
1378,SVP of Sales,Sales
1379,"SVP of Sales, Enterprise Accounts",Sales
1380,SVP Operations,Operations
1381,SVP Operations and Renewals,Operations
1382,SVP Products,unknown
1383,"SVP, Business Development & GM (Embrace)",Sales
1384,"SVP, Chief Information Officer",Administrative
1385,"SVP, Chief People Officer",Administrative
1386,"SVP, Chief Technology Officer",Administrative
1387,"SVP, Corporate Development and Strategic Planning",Communications
1388,"SVP, Diversity & Inclusion",unknown
1389,"SVP, Engineering",Engineering
1390,"SVP, General Counsel, and Secretary",Legal
1391,"SVP, Global Supply Chain - Manufacturing",Communications
1392,"SVP, Global Talent, Leadership, People Analytics",Recruiting
1393,"SVP, Head of Strategy & Corporate Development",Communications
1394,"SVP, Head of Strategy, Corporate Development and M&A",Communications
1395,"SVP, Leadership and Team Intelligence",unknown
1396,"SVP, Media - Americas",unknown
1397,"SVP, Products",unknown
1398,"SVP, Strategist, Strategic Advisory Group (fka Insights Consulting Group)",Consulting
1399,"SVP/GM, eCommerce",unknown
1400,SVP/MD Fixed Income Group,unknown
1401,Sybase Developer,Administrative
1402,System Engineer,Information Technology
1403,TAG National Talent Acquistion,Recruiting
1404,Talent Acquisition,Recruiting
1405,Talent Acquisition âœª Sourcing âœª LinkedIn Strategist âœª Training âœª Veteran Hiring âœª Author âœª Soldier âœª,Communications
1406,Talent Acquisition Consultant,Consulting
1407,"Talent Acquisition Director: Global Sourcing & Manufacturing, Sustainability and Procurement",Recruiting
1408,Talent Acquisition HR Leader â€¢ Managing Healthcare Recruiter â€¢ Career Coach â€¢ Resume Writer,Recruiting
1409,Talent Acquisition Lead / President / Executive Recruiter,Recruiting
1410,Talent Acquisition Manager,Recruiting
1411,"Talent Acquisition Recruiter - Digital Marketing, Creative, and Sales (SaaS and Tech)",Recruiting
1412,Talent Acquisition Specialist,Recruiting
1413,Talent Aquisition,Recruiting
1414,"Talent Attraction Global Manager - New-Build, Product Development & Fleet Modernization",Communications
1415,Talent Attraction Senior Recruiter - ALAC (Latin America) Region & Canada,Recruiting
1416,Talent Development Expert| JUMP Program,Recruiting
1417,Talent Hacker & Advisor,Recruiting
1418,Talent Partner,Recruiting
1419,Talent Recruiter,Recruiting
1420,Talent Solutions Sourcer,Recruiting
1421,Tandon Family Professor of Business Administration,Education
1422,Task Force Director of Associate Services,Administrative
1423,Task Force Member,unknown
1424,Tax Expert,unknown
1425,Team Leader / Regional Director DFW,unknown
1426,"Team President, St. Louis BattleHawks",Executive
1427,Tech Lead Manager and Senior Research Scientist,Research
1428,Technical Adviser,unknown
1429,Technical Advisor to the SVP,Consulting
1430,"Technical Director, Office of the CTO",Administrative
1431,Technical Fellow and Chief Scientific Officer,Communications
1432,Technical Leadership Recruiter,Recruiting
1433,"Technical Product Manager, Platform Technology, Learning@Cisco",Product
1434,Technical Project Manager,Project Management
1435,Technical Recruiter,Recruiting
1436,Technical Recruiter | New Products,Recruiting
1437,Technical Recruiting Sourcer,Recruiting
1438,Technical Sourcer,unknown
1439,Technical Sourcer (Contract),Administrative
1440,"The Addicted Lawyer: Tales Of The Bar, Booze, Blow And Redemption",unknown
1441,Training Specialist,Administrative
1442,Transformational/Brand Narrative Marketing Executive Consultant & Motivational Speaker,Consulting
1443,Transitioning,unknown
1444,"Trial Consultant, Artist's Agent",Consulting
1445,Uniform Sales Representative,Sales
1446,Value Based Pharmacy Coordinator,Administrative
1447,Vehicle Platform Software Engineer (Golang),Information Technology
1448,Venture Partner,unknown
1449,Vice Chairman,Communications
1450,Vice President,Communications
1451,Vice President - Acquisitions   www.sunstonept.com,Communications
1452,Vice President - Financial Services,Finance
1453,"Vice President - Safety, Sustainability, Security & Compliance",Compliance
1454,Vice President - Segment Content Creation & Digital Integration,Communications
1455,Vice President - Total Rewards,Communications
1456,Vice President (DevOps & Security),Communications
1457,Vice President & Head of Scaled Solutions - Global Business Marketing,Marketing
1458,Vice President | Customer Success,Customer Support
1459,Vice President | Cyber,Communications
1460,Vice President and Chief Human Resources Officer,Human Resources
1461,Vice President and Chief Legal Officer,Legal
1462,Vice President and Chief Product Officer,Product
1463,"Vice President and CTO, Client Computing Group",Communications
1464,"Vice President and Distinguished Engineer, Robotics",Communications
1465,Vice President and General Manager GIH - Gastrointestinal and Hepatology,Communications
1466,Vice President and Global General Counsel,Legal
1467,Vice President and Technical Fellow,Communications
1468,"Vice President at Carla Vista Sober Living, LLC",Communications
1469,Vice President Corporate Marketing,Marketing
1470,Vice President Enterprise Sales,Sales
1471,Vice President Global Diversity and Inclusion COE,Communications
1472,Vice President Hardware Engineering,Engineering
1473,Vice President IT,Communications
1474,Vice President Marketing,Marketing
1475,Vice President Of Business Development,Sales
1476,Vice President of Credit,Communications
1477,Vice President Of Engineering,Engineering
1478,Vice President of HR,Human Resources
1479,Vice President of Infrastructure for Oracle's Cloud,Communications
1480,Vice President of Life Sciences Business Development,Sales
1481,Vice President of Manufacturing,Communications
1482,Vice President of Marketing,Marketing
1483,Vice President of Marketing & Business Development,Marketing
1484,"Vice President of Marketing, Webflow",Marketing
1485,Vice President of Operations,Operations
1486,"Vice President of Payments, Americas",Communications
1487,Vice President Of Product Management,Product
1488,Vice President of Product Marketing,Marketing
1489,"Vice President of Revenue Enablement & Operations, and Account Development",Operations
1490,Vice President of Sales,Sales
1491,Vice President of Sales and Business Development,Sales
1492,Vice President of Software,Information Technology
1493,Vice President of Strategy,Communications
1494,Vice President of Supply Chain,Communications
1495,Vice President of Talent Acquisition,Recruiting
1496,Vice President of Transformation & Operations - USA and Canada,Operations
1497,Vice President Product Marketing,Marketing
1498,Vice President Program Management,Project Management
1499,Vice President Revenue Management,Project Management
1500,Vice President Sales,Sales
1501,Vice President Support Services,Customer Support
1502,Vice President Talent Acquisition,Recruiting
1503,Vice President- Head of Global Propulsion Systems,Communications
1504,Vice President-Business Consultant,Consulting
1505,"Vice President, Amazon Global Air",Communications
1506,"Vice President, Amazon Pay",Communications
1507,"Vice President, BISO USIS",Communications
1508,"Vice President, Brand Development",Communications
1509,"Vice President, Data Analytics",Information Technology
1510,"Vice President, Global Amazon Logistics",Communications
1511,"Vice President, Global Brand Creative",Communications
1512,"Vice President, Global Brand Marketing",Marketing
1513,"Vice President, Global Customs & Trade Advisory Services",Communications
1514,"Vice President, Global Recruiting",Recruiting
1515,"Vice President, Global Sales Lead, Manufacturing Industry",Sales
1516,"Vice President, Google Cloud Customer Experience",Customer Support
1517,"Vice President, Google Cloud Enterprise Customer Experience",Customer Support
1518,"Vice President, Hardware Engineering",Engineering
1519,"Vice President, Head of Design for all Hardware Products",Art & Design
1520,"Vice President, Head of Global Privacy",Communications
1521,"Vice President, Head of Partnerships, Hotstar International",Communications
1522,"Vice President, HR Talent Solutions & Global Mobility",Communications
1523,"Vice President, Human Resources",Human Resources
1524,"Vice President, Industries",Communications
1525,"Vice President, Innovation, Global Health, and Policy Communication",Innovation
1526,"Vice President, ISV & Apps Partner Ecosystem",Communications
1527,"Vice President, Midwest U.S.",Communications
1528,"Vice President, National Security and Space Programs",Communications
1529,"Vice President, Operations - USA",Operations
1530,"Vice President, People",Communications
1531,"Vice President, Scout RFP",Communications
1532,"Vice President, Security Business & Strategy",Communications
1533,"Vice President, Sprint Business, Western US",Communications
1534,"Vice President, US Channel Sales",Sales
1535,Vice President/Brand & Marketing,Marketing
1536,Vice President/Credit Restoration Expert,Communications
1537,VP,Communications
1538,"VP - IBM Quantum Ecosystem Development, IBM Research",Research
1539,VP / Global Head of Advertising,Communications
1540,VP & Chief Technologist,Communications
1541,VP & CISO,Communications
1542,"VP & GM, Artificial Intelligence",Communications
1543,"VP & GM, Global Security, Risk & Compliance, Azure",Compliance
1544,VP and Head of Business Development,Sales
1545,VP Business Development â€“ Pivotal,Sales
1546,"VP Creative Marketing, Disney+",Marketing
1547,"VP Director Of Business Development, Manufacturing Sourcing & Consultation",Sales
1548,VP Energy Industry,Communications
1549,VP Global Marketing,Marketing
1550,VP Innovaton  Digital/ Information Technology,Information Technology
1551,VP Midstream Services,Communications
1552,VP of Business Development,Sales
1553,"VP of Business Development â€“ Recruiting, Training, Management, Consulting and Leadership Mentoring",Consulting
1554,VP of Engineering,Engineering
1555,"VP of Engineering, Mobile",Engineering
1556,VP of Global Product Strategy (Joined PRGX through acquisition of Lavante),Product
1557,VP of Human Resources,Human Resources
1558,"VP of Marketing, North America - NilitÂ®  (Creators of SensilÂ®)",Marketing
1559,VP of Product,Product
1560,VP of Product & Strategy,Product
1561,VP of Safety Services,Administrative
1562,VP of Sales,Sales
1563,VP of Sales & Business Development,Sales
1564,VP of Sales for Musicbed and Filmsupply,Sales
1565,"VP of Sales, Americas & APAC",Sales
1566,VP of Strategic Alliances and Business Development,Sales
1567,VP of Video Engineering,Engineering
1568,VP Partnerships,Communications
1569,"VP Product, Disney+",Product
1570,VP Talent,Recruiting
1571,"VP Talent Acquisition, Field",Recruiting
1572,"VP, Americas Sales for Amazon Web Services",Sales
1573,"VP, Brand and Culture Marketing",Marketing
1574,"VP, Data Science and Risk Analytics",Science
1575,"VP, Design and Research",Art & Design
1576,"VP, Digital Automation and Robotics",Communications
1577,"VP, Disney+ Analytics",Communications
1578,"VP, Global Inside Sales",Sales
1579,"VP, Global Partnerships",Communications
1580,"VP, Global Sports & Entertainment Partnerships",Communications
1581,"VP, Head of Global Corp Responsibility & Sustainability",Communications
1582,"VP, Head of Member Learning & Development",Communications
1583,"VP, Head of Workplace",Communications
1584,"VP, Product Innovation",Innovation
1585,"VP, Talent Solutions",Recruiting
1586,"VP, Technology Commercialization and Strategy",Communications
1587,"VP, Theatrical Development",Communications
1588,"VP, Twitch Prime",Communications
1589,"VP, WW Prime and Marketing",Marketing
1590,"VP/GM of Networking, Google Cloud",Communications
1591,"Wealth Advisor, RJFS / CEO, Prosperwell Financial",Executive
1592,Western Regional 3PL Logistics Sales & Operations,Sales
1593,Womenâ€™s Health Care Pharmaceutical Sales Representative at TherapeuticsMD,Health
1594,Writer,unknown
1595,WW IoT & GTM Solutions Lead,Information Technology
1596,www.mkcadvisor.com,unknown
1597,XTO Completions Consultant,Consulting
1598,YouTube Recruiter,Recruiting
